<?xml version="1.0"?>
<!-- syntaxdefinition for C# 2000 by Mike Krueger -->

<SyntaxDefinition name = "C#" extensions = ".cs">
	
	<Environment>
		<Custom name="TypeReference" bold="false" italic="false" color="#04ABAB" />
		<Custom name="UnknownEntity" bold="false" italic="false" color="#AB0404" />
	</Environment>
	
	<Properties>
		<Property name="LineComment" value="//"/>
	</Properties>
	
	<Digits name = "Digits" bold = "false" italic = "false" color = "Orange"/>
	
	<RuleSets>
		<RuleSet ignorecase="false">
			<Delimiters>&amp;&lt;&gt;~!%^*()-+=|\#/{}[]:;"' ,	.?</Delimiters>
			
			<Span name = "PreprocessorDirectives" rule = "PreprocessorSet" bold="false" italic="false" color="Lime" stopateol = "true">
				<Begin>#</Begin>
			</Span>
			
			<Span name = "DocLineComment" rule = "DocCommentSet" bold = "false" italic = "false" color = "Red" stopateol = "true" noescapesequences="true">
				<Begin bold = "false" italic = "false" color = "Gray">///@!/@</Begin>
			</Span>
			
			<Span name = "LineComment" rule = "CommentMarkerSet" bold = "false" italic = "false" color = "Red" stopateol = "true">
				<Begin>//@!/@</Begin>
			</Span>
			<Span name = "LineComment2" rule = "CommentMarkerSet" bold = "false" italic = "false" color = "Red" stopateol = "true">
				<Begin>////</Begin>
			</Span>
			
			<Span name = "BlockComment" rule = "CommentMarkerSet" bold = "false" italic = "false" color = "Red" stopateol = "false">
				<Begin>/*</Begin>
				<End>*/</End>
			</Span>
			
			<Span name = "String" bold = "false" italic = "false" color = "Teal" stopateol = "true" escapecharacter="\">
				<Begin>"</Begin>
				<End>"</End>
			</Span>
			
			<Span name = "MultiLineString" bold = "false" italic = "false" color = "Teal" stopateol = "false" escapecharacter='"'>
				<Begin>@@"</Begin>
				<End>"</End>
			</Span>
			
			<Span name = "Char" bold = "false" italic = "false" color = "Teal" stopateol = "true" escapecharacter="\">
				<Begin>&apos;</Begin>
				<End>&apos;</End>
			</Span>
			
			<MarkPrevious bold = "true" italic = "false" color = "Cyan">(</MarkPrevious>
			
			<KeyWords name = "Punctuation" bold = "false" italic = "false" color = "Orange">
				<Key word = "?" />
				<Key word = "," />
				<Key word = "." />
				<Key word = ";" />
				<Key word = "(" />
				<Key word = ")" />
				<Key word = "[" />
				<Key word = "]" />
				<Key word = "{" />
				<Key word = "}" />
				<Key word = "+" />
				<Key word = "-" />
				<Key word = "/" />
				<Key word = "%" />
				<Key word = "*" />
				<Key word = "&lt;" />
				<Key word = "&gt;" />
				<Key word = "^" />
				<Key word = "=" />
				<Key word = "~" />
				<Key word = "!" />
				<Key word = "|" />
				<Key word = "&amp;" />
			</KeyWords>
			
			<KeyWords name = "AccessKeywords" bold="true" italic="false" color="Cyan">
				<Key word = "this" />
				<Key word = "base" />
			</KeyWords>
			
			<KeyWords name = "OperatorKeywords" bold="true" italic="false" color="Cyan">
				<Key word = "as" />
				<Key word = "is" />
				<Key word = "new" />
				<Key word = "sizeof" />
				<Key word = "typeof" />
				<Key word = "true" />
				<Key word = "false" />
				<Key word = "stackalloc" />
			</KeyWords>
			
			
			<KeyWords name = "SelectionStatements" bold="true" italic="false" color="Cyan">
				<Key word = "else" />
				<Key word = "if" />
				<Key word = "switch" />
				<Key word = "case" />
				<Key word = "default" />
			</KeyWords>
			
			<KeyWords name = "IterationStatements" bold="true" italic="false" color="Cyan">
				<Key word = "do" />
				<Key word = "for" />
				<Key word = "foreach" />
				<Key word = "in" />
				<Key word = "while" />
			</KeyWords>
			
			<KeyWords name = "JumpStatements" bold="false" italic="false" color="Cyan">
				<Key word = "break" />
				<Key word = "continue" />
				<Key word = "goto" />
				<Key word = "return" />
			</KeyWords>
			
			<KeyWords name = "ContextKeywords" bold="false" italic="false" color="Cyan">
				<Key word = "yield" />
				<Key word = "partial" />
				<Key word = "global" />
				<Key word = "where" />
				<Key word = "select" />
				<Key word = "group" />
				<Key word = "by" />
				<Key word = "into" />
				<Key word = "from" />
				<Key word = "ascending" />
				<Key word = "descending" />
				<Key word = "orderby" />
				<Key word = "let" />
				<Key word = "join" />
				<Key word = "on" />
				<Key word = "equals" />
				<Key word = "var" />
			</KeyWords>
			
			<KeyWords name = "ExceptionHandlingStatements" bold="true" italic="false" color="Cyan">
				<Key word = "try" />
				<Key word = "throw" />
				<Key word = "catch" />
				<Key word = "finally" />
			</KeyWords>
			
			<KeyWords name = "CheckedUncheckedStatements" bold="true" italic="false" color="Cyan">
				<Key word = "checked" />
				<Key word = "unchecked" />
			</KeyWords>
			
			<KeyWords name = "UnsafeFixedStatements" bold="false" italic="false" color="Cyan">
				<Key word = "fixed" />
				<Key word = "unsafe" />
			</KeyWords>
			
			<KeyWords name = "ValueTypes" bold="true" italic="false" color="Cyan">
				<Key word = "bool" />
				<Key word = "byte" />
				<Key word = "char" />
				<Key word = "decimal" />
				<Key word = "double" />
				<Key word = "enum" />
				<Key word = "float" />
				<Key word = "int" />
				<Key word = "long" />
				<Key word = "sbyte" />
				<Key word = "short" />
				<Key word = "struct" />
				<Key word = "uint" />
				<Key word = "ushort" />
				<Key word = "ulong" />
			</KeyWords>
			
			<KeyWords name = "ReferenceTypes" bold="false" italic="false" color="Cyan">
				<Key word = "class" />
				<Key word = "interface" />
				<Key word = "delegate" />
				<Key word = "object" />
				<Key word = "string" />
			</KeyWords>
			
			<KeyWords name = "Void" bold="false" italic="false" color="Cyan">
				<Key word = "void" />
			</KeyWords>
			
			<KeyWords name = "ConversionKeyWords" bold="true" italic="false" color="Orange">
				<Key word = "explicit" />
				<Key word = "implicit" />
				<Key word = "operator" />
			</KeyWords>
			
			<KeyWords name = "MethodParameters" bold="true" italic="false" color="Cyan">
				<Key word = "params" />
				<Key word = "ref" />
				<Key word = "out" />
			</KeyWords>
			
			<KeyWords name = "Modifiers" bold="false" italic="false" color="Cyan">
				<Key word = "abstract" />
				<Key word = "const" />
				<Key word = "event" />
				<Key word = "extern" />
				<Key word = "override" />
				<Key word = "readonly" />
				<Key word = "sealed" />
				<Key word = "static" />
				<Key word = "virtual" />
				<Key word = "volatile" />
			</KeyWords>
			
			<KeyWords name = "AccessModifiers" bold="true" italic="false" color="Cyan">
				<Key word = "public" />
				<Key word = "protected" />
				<Key word = "private" />
				<Key word = "internal" />
			</KeyWords>
			
			<KeyWords name = "NameSpaces" bold="true" italic="false" color="Cyan">
				<Key word = "namespace" />
				<Key word = "using" />
			</KeyWords>
			
			<KeyWords name = "LockKeyWord" bold="false" italic="false" color="DarkViolet">
				<Key word = "lock" />
			</KeyWords>
			
			<KeyWords name = "GetSet" bold="false" italic="false" color="Cyan">
				<Key word = "get" />
				<Key word = "set" />
				<Key word = "add" />
				<Key word = "remove" />
			</KeyWords>
			
			<KeyWords name = "Literals" bold="true" italic="false" color="Cyan">
				<Key word = "null" />
				<Key word = "value" />
			</KeyWords>
		</RuleSet>
		
		<RuleSet name = "CommentMarkerSet" ignorecase = "false">
			<Delimiters>&lt;&gt;~!@%^*()-+=|\#/{}[]:;"' ,	.?</Delimiters>
			<KeyWords name = "ErrorWords" bold="true" italic="false" color="Red">
				<Key word = "TODO" />
				<Key word = "FIXME" />
			</KeyWords>
			<KeyWords name = "WarningWords" bold="true" italic="false" color="#EEE0E000">
				<Key word = "HACK" />
				<Key word = "UNDONE" />
			</KeyWords>
		</RuleSet>
		
		<RuleSet name = "DocCommentSet" ignorecase = "false">
			<Delimiters>&lt;&gt;~!@%^*()-+=|\#/{}[]:;"' ,	.?</Delimiters>
			
			<Span name = "XmlTag" rule = "XmlDocSet" bold = "false" italic = "false" color = "DarkViolet" stopateol = "true">
				<Begin>&lt;</Begin>
				<End>&gt;</End>
			</Span>
			
			<KeyWords name = "ErrorWords" bold="true" italic="false" color="Red">
				<Key word = "TODO" />
				<Key word = "FIXME" />
			</KeyWords>
			
			<KeyWords name = "WarningWords" bold="true" italic="false" color="#EEE0E000">
				<Key word = "HACK" />
				<Key word = "UNDONE" />
			</KeyWords>
		</RuleSet>
		
		<RuleSet name = "PreprocessorSet" ignorecase="false">
			<Delimiters>&amp;&lt;&gt;~!%^*()-+=|\#/{}[]:;"' ,	.?</Delimiters>
			
			<KeyWords name = "PreprocessorDirectives" bold="true" italic="false" color="Lime">
				<Key word = "if" />
				<Key word = "else" />
				<Key word = "elif" />
				<Key word = "endif" />
				<Key word = "define" />
				<Key word = "undef" />
				<Key word = "warning" />
				<Key word = "error" />
				<Key word = "line" />
				<Key word = "region" />
				<Key word = "endregion" />
				<Key word = "pragma" />
			</KeyWords>
		</RuleSet>
		
		<RuleSet name = "XmlDocSet" ignorecase = "false">
			<Delimiters>&lt;&gt;~!@%^*()-+=|\#/{}[]:;"' ,	.?</Delimiters>
			
			<Span name = "String" bold = "true" italic = "false" color = "Teal" stopateol = "true">
				<Begin>"</Begin>
				<End>"</End>
			</Span>
			
			
			<KeyWords name = "Punctuation" bold = "true" italic = "false" color = "Cyan">
				<Key word = "/" />
				<Key word = "|" />
				<Key word = "=" />
			</KeyWords>
			
			<KeyWords name = "SpecialComment" bold="true" italic="false" color="Red">
				<Key word = "c" />
				<Key word = "code" />
				<Key word = "example" />
				<Key word = "exception" />
				<Key word = "list" />
				<Key word = "para" />
				<Key word = "param" />
				<Key word = "paramref" />
				<Key word = "permission" />
				<Key word = "remarks" />
				<Key word = "returns" />
				<Key word = "see" />
				<Key word = "seealso" />
				<Key word = "summary" />
				<Key word = "value" />
				
				<Key word = "type" />
				<Key word = "name" />
				<Key word = "cref" />
				<Key word = "item" />
				<Key word = "term" />
				<Key word = "description" />
				<Key word = "listheader" />
			</KeyWords>
		</RuleSet>
	</RuleSets>
</SyntaxDefinition>

